id_enseignant, nom_enseignant, prenom_enseignant, email
51, Moreau, Lucas, lucas.moreau@example.com
52, Robert, Juliette, juliette.robert@example.com
53, Garcin, Antoine, antoine.garcin@example.com
54, Roux, Julie, julie.roux@example.com
55, Martinez, Théo, theo.martinez@example.com
56, Denis, Lucie, lucie.denis@example.com
57, Lefevre, Thomas, thomas.lefevre@example.com
58, Garcia, Manon, manon.garcia@example.com
59, Lemoine, Nicolas, nicolas.lemoine@example.com
60, Fournier, Emma, emma.fournier@example.com
61, Blanc, Catherine, catherine.blanc@example.com
62, Dumont, Jacques, jacques.dumont@example.com
63, Roy, Sophie, sophie.roy@example.com
64, Vincent, Pierre, pierre.vincent@example.com
65, Gauthier, Isabelle, isabelle.gauthier@example.com
66, Chevalier, Julien, julien.chevalier@example.com
67, Perrin, Marie, marie.perrin@example.com
68, Renaud, Antoine, antoine.renaud@example.com
69, Faure, Claire, claire.faure@example.com
70, Roussel, Laurent, laurent.roussel@example.com
71, Durand, Pierre, pierre.durand@example.com
72, Moreau, Lucie, lucie.moreau@example.com
73, Legrand, Paul, paul.legrand@example.com
74, Petit, Marie, marie.petit@example.com
75, Blanchard, Louis, louis.blanchard@example.com
76, Barbier, Claire, claire.barbier@example.com
77, Giraud, Julie, julie.giraud@example.com
78, Roche, Henri, henri.roche@example.com
79, Michel, Emilie, emilie.michel@example.com
80, Royer, Antoine, antoine.royer@example.com
81, Durand, Pierre, pierre.durand@example.com
82, Moreau, Lucie, lucie.moreau@example.com
83, Legrand, Paul, paul.legrand@example.com
84, Petit, Marie, marie.petit@example.com
85, Blanchard, Louis, louis.blanchard@example.com
86, Barbier, Claire, claire.barbier@example.com
87, Giraud, Julie, julie.giraud@example.com
88, Roche, Henri, henri.roche@example.com
89, Michel, Emilie, emilie.michel@example.com
90, Royer, Antoine, antoine.royer@example.com
